{"1": {
 "calculator": "vasp",
 "calculator_parameters": {"amix": 0.1, "amix_mag": 0.1, "bmix": 0.0001, "bmix_mag": 0.0001, "encut": 500, "sigma": 0.05, "ediff": 1e-06, "ediffg": -0.01, "algo": "normal", "gga": "PE", "prec": "Normal", "ibrion": 2, "isif": 2, "ismear": 0, "ispin": 2, "istart": 1, "kpar": 4, "ldauprint": 2, "ldautype": 2, "lmaxmix": 6, "lorbit": 11, "nelm": 250, "npar": 8, "nsw": 200, "inimix": 0, "laechg": true, "lasph": true, "ldau": true, "lvtot": false, "lwave": true, "lsol": true, "lreal": "Auto", "ldau_luj": {"Ti": {"L": 2, "U": 3.0, "J": 0.0}, "V": {"L": 2, "U": 3.25, "J": 0.0}, "Cr": {"L": 2, "U": 3.5, "J": 0.0}, "Mn": {"L": 2, "U": 3.75, "J": 0.0}, "Fe": {"L": 2, "U": 4.3, "J": 0.0}, "Co": {"L": 2, "U": 3.32, "J": 0.0}, "Ni": {"L": 2, "U": 6.45, "J": 0.0}, "Cu": {"L": 2, "U": 3.0, "J": 0.0}, "Mo": {"L": 2, "U": 4.38, "J": 0.0}, "W": {"L": 2, "U": 6.2, "J": 0.0}, "Ce": {"L": 3, "U": 4.5, "J": 0.0}, "O": {"L": -1, "U": 0.0, "J": 0.0}, "C": {"L": -1, "U": 0.0, "J": 0.0}, "Au": {"L": -1, "U": 0.0, "J": 0.0}, "Ir": {"L": -1, "U": 0.0, "J": 0.0}, "H": {"L": -1, "U": 0.0, "J": 0.0}}, "xc": "PBE", "pp": "PBE", "setups": {"base": "minimal"}, "txt": "-", "kpts": [5, 5, 1], "gamma": true, "reciprocal": false, "ignore_constraints": false, "custom": {}},
 "cell": {"array": {"__ndarray__": [[3, 3], "float64", [10.692685673, 6.168835679, 3e-09, -10.692685549, 6.168835464, -5e-09, 7e-09, -3e-09, 19.997996094]]}, "__ase_objtype__": "cell"},
 "ctime": 22.239891097202023,
 "dipole": {"__ndarray__": [[1, 3], "float64", [0.0, 0.0, 0.0]]},
 "energy": -451.64304215,
 "forces": {"__ndarray__": [[51, 3], "float64", [0.00012872, -0.0001682, 0.00121552, 0.00499782, 0.00415442, 0.00045274, -0.0054163, 0.0006644, -0.00589735, -0.00169306, -0.0028338, 0.00050709, -0.00281768, -0.00130407, 7.179e-05, 0.00031883, -0.00021272, 0.00015732, -0.00089273, -0.00031713, -0.00477928, 0.00155137, -0.00471018, 0.00241317, -0.00073348, -8.685e-05, 0.00035593, 0.0003575, -0.00152524, -0.00039865, -0.00376721, -0.00089735, -0.00416531, 0.00423323, 0.00175677, -0.00024563, 0.00261137, 0.00166805, -0.00258137, 0.00010604, -0.00175283, -0.00266982, 0.00025855, -0.00250721, 0.00062107, -0.00488737, -0.00094295, -0.00106096, 0.00290635, 0.00358053, -0.00132731, 0.00154002, 0.00288521, 0.00052777, -0.00510718, 0.00125952, 0.00322393, 0.00185457, 0.00090873, 0.00188141, 0.00152853, 0.00152233, 0.00167371, 0.00379357, -0.0013941, -0.00087114, -0.0041294, -0.00063298, 0.00118421, -0.00332471, 0.00122562, -0.00066702, -0.00376804, -0.00060603, 9.683e-05, 0.0074243, -0.00162465, -0.00092649, -0.00229795, -0.00099391, 0.00052251, 0.00362763, 0.00304744, -0.00087026, 0.00239029, 0.00078112, 0.00104188, -0.0016001, 0.00197886, -0.00137999, -0.00051272, 0.00036674, 0.00060079, -0.00110722, 1.06e-05, 0.00055546, -0.00074024, 2.67e-06, -0.00054877, 0.0039981, 0.00035504, 0.00418613, -0.00245888, -0.00398517, -0.00325922, 0.00049422, 0.00187146, 0.00278133, -0.00214886, -0.00701783, -0.00136557, 0.00342618, 0.00146303, 0.00054609, 0.00191495, 0.00127115, 0.00098677, -0.00106534, 0.00114529, -0.0006805, 0.0039611, -0.00611407, 0.00132754, -0.00414623, -0.00377479, 0.00422683, -9.558e-05, 0.00199983, 0.00290982, -0.00147958, -0.00015999, 0.0025749, 0.00279651, 0.00471089, -0.0006208, -0.00435559, -0.00028957, -0.00375423, 0.00090959, -0.00129174, -0.00075759, -0.00061434, 0.00250307, -0.00026555, 0.00260291, 0.00121056, -0.00045307, -0.0008781, -0.00122613, -0.00268449, 0.00030565, 0.00402614, 0.00558789]]},
 "free_energy": -451.64304767,
 "initial_magmoms": {"__ndarray__": [[51], "float64", [4.1, 0.007, 0.076, -0.026, -0.028, -0.041, -0.0, 0.001, 0.001, -0.003, 0.001, -0.001, 0.0, 0.001, -0.003, 0.001, -0.005, -0.0, -0.004, -0.002, -0.004, 0.002, 0.0, -0.003, 0.002, -0.001, 0.0, -0.007, -0.005, -0.0, 0.002, 0.0, 0.003, -0.0, 0.001, -0.002, -0.003, -0.01, 0.001, -0.008, 0.0, -0.002, 0.001, -0.003, -0.001, -0.001, -0.003, 0.001, -0.001, -0.0, 0.001]]},
 "magmom": 3.9999115,
 "magmoms": {"__ndarray__": [[51], "float64", [3.67, 0.024, 0.061, 0.022, 0.006, 0.019, -0.0, 0.001, -0.001, 0.005, -0.0, 0.001, 0.0, 0.002, -0.001, 0.002, -0.0, 0.001, 0.0, 0.005, 0.006, -0.001, 0.001, -0.001, 0.002, -0.001, 0.003, 0.001, 0.009, -0.0, 0.003, -0.001, 0.005, -0.001, 0.003, 0.003, -0.001, 0.002, -0.001, 0.002, -0.0, 0.003, -0.001, 0.002, -0.001, 0.003, -0.0, 0.002, -0.001, 0.001, 0.006]]},
 "mtime": 22.239891097202023,
 "numbers": {"__ndarray__": [[51], "int64", [26, 8, 8, 7, 7, 7, 6, 6, 6, 6, 6, 6, 6, 6, 6, 6, 6, 6, 6, 6, 6, 6, 6, 6, 6, 6, 6, 6, 6, 6, 6, 6, 6, 6, 6, 6, 6, 6, 6, 6, 6, 6, 6, 6, 6, 6, 6, 6, 6, 6, 1]]},
 "pbc": {"__ndarray__": [[3], "bool", [true, true, true]]},
 "positions": {"__ndarray__": [[51, 3], "float64", [0.6222255973622551, 4.962951153597394, 9.529460726971125, 2.104725335318108, 3.6091702149886506, 8.52259425183814, 0.7770110612428234, 4.765977863997835, 11.409908892345053, -0.7036185457987519, 3.623277193045253, 8.607152317101441, 2.0801755646299234, 6.271577195658203, 8.625591899956907, -0.7222603038036604, 6.293633602560131, 8.65536860412144, 10.670319615151236, 6.161857734532078, 8.349420429887507, -9.291540929162268, 6.157053011247128, 8.35718567677607, -8.572382045722605, 7.380627977786673, 8.397315601761534, -7.136460071457993, 7.3841342142283315, 8.429796342138195, 4.241166763742648, 2.4612584777549573, 8.465435049184395, -5.020727458509522, 8.644705564313675, 8.462720511082644, 6.353219461682177, 3.7222129522679603, 8.451646989382215, -2.9031779973854177, 9.89393717328907, 8.416140364978121, 8.50995969130922, 4.946192757440866, 8.386303925801917, -0.7501000109551741, 11.113741637496592, 8.351972143749277, 8.524803274971667, 7.39378021840498, 8.427539026772157, -0.7371744030725448, 1.2116081459275359, 8.39500552642758, -0.032013388500420126, 2.4438889040012213, 8.469306546102453, 1.4040713857513984, 2.402531873811183, 8.444499537385967, 3.5086570734277815, 3.6701483162134023, 8.503971089025118, 4.147707334412585, 4.935602405050421, 8.525219225911902, 5.6086025791846685, 4.942583692932486, 8.475093969518415, 6.352304155293609, 6.169542445574976, 8.455293753409237, 7.788823920901781, 6.169070046767393, 8.414578945836842, -4.2879201917120495, 2.4749250537724943, 8.476183024867174, -2.852890747863855, 2.467818801199782, 8.478312118833278, -2.0726381520924413, 3.678057986269795, 8.55670385689259, 3.4426589670762318, 6.216057300607593, 8.551872004021465, 4.229507951356457, 7.421462858589679, 8.486932163866816, 5.663770841224686, 7.4132425663275985, 8.469218637089623, -6.410632039791971, 3.722965648507161, 8.447811315111942, -4.975499221760086, 3.718189077202587, 8.484346515719807, -4.2248332543716, 4.943738875417269, 8.514776913056524, -2.777108303530227, 4.946832105970022, 8.573204377494129, -2.087190959348457, 6.2214473636760195, 8.575199891467065, -0.05246131902452159, 7.461070994871117, 8.526660848244148, 1.4168105993428934, 7.451997351312851, 8.526335147246641, 2.1184611915235756, 8.677897212113852, 8.434723755892016, 3.5468134745272866, 8.664724766693812, 8.455068291489631, -8.563132010084152, 4.94296749969207, 8.37051473831485, -7.1326182257878985, 4.940873664725396, 8.416108637834553, -6.411139298371864, 6.168869224885601, 8.438681367353025, -4.972421000408382, 6.168654383049417, 8.481668563387359, -4.288346191872138, 7.413479371457601, 8.474691272831024, -2.85877716562025, 7.4276653386017095, 8.487446524608547, -2.1748255132313514, 8.671690865748975, 8.436714511719389, -0.7454821188491181, 8.684089311751839, 8.418892071174497, -0.02519448506379532, 9.902553229304772, 8.363234517591614, 1.402486716830978, 9.898746765323796, 8.374869816200803, 1.253072796888462, 5.480587610038946, 11.863417770225796]]},
 "stress": {"__ndarray__": [[6], "float64", [0.010493453631601014, -0.0042899884823984075, 4.280327718535638e-05, -0.00015972863208565428, -0.00016303864792982007, 0.00041066662155603463]]},
 "unique_id": "cb53cff6a82a8ebdf23d811166b20dfe",
 "user": "aracho"},
"ids": [1],