{"1": {
 "calculator": "vasp",
 "calculator_parameters": {"amix": 0.1, "amix_mag": 0.1, "bmix": 0.0001, "bmix_mag": 0.0001, "encut": 500, "sigma": 0.05, "ediff": 1e-06, "ediffg": -0.01, "algo": "normal", "gga": "PE", "prec": "Normal", "ibrion": 2, "isif": 2, "ismear": 0, "ispin": 2, "istart": 1, "kpar": 4, "ldauprint": 2, "ldautype": 2, "lmaxmix": 6, "lorbit": 11, "nelm": 250, "npar": 8, "nsw": 200, "inimix": 0, "laechg": true, "lasph": true, "ldau": true, "lvtot": false, "lwave": true, "lsol": true, "lreal": "Auto", "ldau_luj": {"Ti": {"L": 2, "U": 3.0, "J": 0.0}, "V": {"L": 2, "U": 3.25, "J": 0.0}, "Cr": {"L": 2, "U": 3.5, "J": 0.0}, "Mn": {"L": 2, "U": 3.75, "J": 0.0}, "Fe": {"L": 2, "U": 4.3, "J": 0.0}, "Co": {"L": 2, "U": 3.32, "J": 0.0}, "Ni": {"L": 2, "U": 6.45, "J": 0.0}, "Cu": {"L": 2, "U": 3.0, "J": 0.0}, "Mo": {"L": 2, "U": 4.38, "J": 0.0}, "W": {"L": 2, "U": 6.2, "J": 0.0}, "Ce": {"L": 3, "U": 4.5, "J": 0.0}, "O": {"L": -1, "U": 0.0, "J": 0.0}, "C": {"L": -1, "U": 0.0, "J": 0.0}, "Au": {"L": -1, "U": 0.0, "J": 0.0}, "Ir": {"L": -1, "U": 0.0, "J": 0.0}, "H": {"L": -1, "U": 0.0, "J": 0.0}}, "xc": "PBE", "pp": "PBE", "setups": {"base": "minimal"}, "txt": "-", "kpts": [5, 5, 1], "gamma": true, "reciprocal": false, "ignore_constraints": false, "custom": {}},
 "cell": {"array": {"__ndarray__": [[3, 3], "float64", [10.692685673, 6.168835679, 3e-09, -10.692685549, 6.168835464, -5e-09, 7e-09, -3e-09, 19.997996094]]}, "__ase_objtype__": "cell"},
 "ctime": 22.23929901809197,
 "dipole": {"__ndarray__": [[1, 3], "float64", [0.0, 0.0, 0.0]]},
 "energy": -450.55353622,
 "forces": {"__ndarray__": [[51, 3], "float64", [0.00131442, -0.00058768, 0.00046182, 0.00116236, -0.00377777, -0.00117161, 0.00285249, 0.00124644, 0.00157952, 0.00111115, -0.0018305, -0.0009467, -0.00126183, 0.00058129, -0.00108404, 0.00450138, 0.0018613, 0.0001637, 0.0027829, -0.00014803, 0.00148929, -0.00151835, -0.00235024, -0.001676, 0.00233986, 0.00029468, -0.00064476, -0.00148379, -0.00263469, 0.00119289, 0.00419847, 0.00121091, -0.00190221, -0.0065154, -0.00031458, 0.00039821, 0.00092338, 0.00159259, 0.00127059, 0.00146742, 0.00476422, -0.00172649, -0.00373019, -0.00273605, 0.00142008, 0.00170553, -0.00101372, -0.00123391, 0.00473314, 0.00121905, -0.00092068, -0.00183361, -0.00044845, 0.00085162, -0.00079102, -0.0012141, -0.00038161, 0.00018245, -0.00333808, 0.00063439, -0.0044148, 0.0004355, -0.00378561, -0.00433862, -0.00264247, -0.00277714, 0.00178938, 0.00263342, -0.00332071, -0.00197616, 0.00118163, -0.00010711, -0.00284476, -0.0012224, -0.00034221, -0.00076166, -0.00173813, -0.00185163, 1.928e-05, -0.00182101, -0.000632, 0.00069964, 0.00123004, 0.0026636, 0.00346453, 0.00521482, -0.00124323, -0.00103334, -0.00194277, 0.00072292, 0.00243091, -0.00065609, 0.00358878, -0.00655863, 0.00646295, 0.00203949, -0.00069556, -0.00200875, 0.00159261, -0.00021537, 0.00029001, 0.00035757, 0.00084354, 0.00374885, 0.00151071, -0.00216433, 0.0015702, 0.00220607, -0.00039654, 0.00074619, -0.0013639, -0.0037452, -0.00224957, -0.0013064, -0.00161913, -0.00531112, 0.00143419, 0.00145759, -0.00166552, -0.00245925, -0.00261906, 0.00032051, -0.00222341, 0.00231606, -0.00481712, 0.00017163, -0.00318521, 0.00297145, 0.00192538, 0.00345947, 0.00600448, 0.00130299, 0.00265799, -0.00152411, 8.216e-05, -0.00369257, 0.00060902, 0.00275846, 0.0038548, 6.312e-05, 0.0021782, -0.00273005, -0.00061117, 0.00177426, -0.00082745, 0.00045486, -0.0001481, -0.00052856, 0.00415347, -0.00093679, 0.00921309, -0.00225689, -0.00158563]]},
 "free_energy": -450.55356576,
 "magmom": 1.9994425,
 "magmoms": {"__ndarray__": [[51], "float64", [2.087, 0.007, 0.068, -0.026, -0.026, -0.042, -0.0, 0.001, 0.0, -0.002, 0.0, -0.0, -0.0, 0.001, -0.003, 0.001, -0.006, 0.0, -0.005, -0.001, -0.003, 0.002, 0.001, -0.003, 0.002, -0.002, 0.001, -0.008, -0.005, -0.001, 0.003, -0.0, 0.004, -0.001, 0.002, -0.002, -0.003, -0.011, 0.001, -0.008, 0.0, -0.001, 0.001, -0.002, -0.001, -0.001, -0.003, 0.001, -0.001, 0.0, 0.001]]},
 "mtime": 22.23929901809197,
 "numbers": {"__ndarray__": [[51], "int64", [26, 8, 8, 7, 7, 7, 6, 6, 6, 6, 6, 6, 6, 6, 6, 6, 6, 6, 6, 6, 6, 6, 6, 6, 6, 6, 6, 6, 6, 6, 6, 6, 6, 6, 6, 6, 6, 6, 6, 6, 6, 6, 6, 6, 6, 6, 6, 6, 6, 6, 1]]},
 "pbc": {"__ndarray__": [[3], "bool", [true, true, true]]},
 "positions": {"__ndarray__": [[51, 3], "float64", [0.6186557965292792, 4.968282571488828, 8.970001363248967, 2.098501478996351, 3.6001268434846443, 8.490989807435003, 0.8497521001646074, 4.689448344358628, 10.894124748444375, -0.7085443895550039, 3.6210522274851575, 8.668659870302518, 2.049105974988751, 6.2849004001782, 8.6595874431208, -0.7035658059623403, 6.293419694989971, 8.549970883132142, 10.665145588942705, 6.1646794871918384, 8.439064178529067, -9.29564235364281, 6.158719252858631, 8.434907657167296, -8.573667333207904, 7.376644018492549, 8.450102270775877, -7.138727975355928, 7.385856320596162, 8.455037320517897, 4.23798448813893, 2.463926242087069, 8.484996206453685, -5.021946362934811, 8.646168076556775, 8.492624200161034, 6.345562994305152, 3.725824631164062, 8.497953173865763, -2.9099585352577413, 9.897754776748556, 8.473677044216412, 8.502951902506858, 4.951012001701339, 8.465065816107689, -0.7581940543428343, 11.120761658468922, 8.438515940207276, 8.51766035775045, 7.394418560477675, 8.49707929772201, -0.7444332385808661, 1.2105829203999074, 8.47792341242917, -0.03136690511101093, 2.4341251903548553, 8.540047673034133, 1.3957261126982874, 2.391562068154856, 8.489786785777827, 3.5062324988924036, 3.67135991352577, 8.519197762681973, 4.133687235569542, 4.940082396875024, 8.561083366204226, 5.597761671549683, 4.945688082432685, 8.524566650438098, 6.3411808232041444, 6.172432583642105, 8.51148148800754, 7.780290500935181, 6.172963658216015, 8.488843355286352, -4.294375335752368, 2.4770301314332848, 8.50674020863835, -2.857205025412484, 2.470975929234027, 8.519378945654935, -2.0807001954868207, 3.6819105867699875, 8.582535069326262, 3.42466543016183, 6.216822030429122, 8.584964160555703, 4.213258830077895, 7.422194608912856, 8.520572264643677, 5.651881009010608, 7.414618951919957, 8.508085170601714, -6.4137386210561855, 3.7270399486263828, 8.47995678842813, -4.977757233817081, 3.7218088402146776, 8.50415092210903, -4.227247277526273, 4.946815688869372, 8.517164090894225, -2.7769674302642664, 4.949525228350331, 8.559798750937563, -2.082092180141193, 6.2169494540522905, 8.533915468458952, -0.04557259318556181, 7.485473155934821, 8.506354206479275, 1.402528508287408, 7.48126617234073, 8.537541246987761, 2.1149188949050304, 8.693648831957674, 8.473579574407289, 3.541910766200634, 8.673580163202407, 8.4921169840522, -8.564962856503051, 4.949222945787966, 8.434602702058454, -7.134794168638974, 4.946571581313281, 8.454876176830407, -6.411909298308466, 6.172589072054947, 8.46082800203923, -4.97268822957893, 6.171154983987548, 8.488961577897093, -4.286442634174449, 7.414063752982842, 8.490966087127688, -2.8534766454739637, 7.4260744121060105, 8.494407023310625, -2.179751845442905, 8.677995567290782, 8.470887900253675, -0.751850596489363, 8.697873952215584, 8.45999009142397, -0.029895544906679256, 9.913955965677836, 8.436770658204518, 1.3970516399638917, 9.910307222167427, 8.43606466895769, 1.4258500623306165, 5.370408900237802, 11.281613544454412]]},
 "stress": {"__ndarray__": [[6], "float64", [0.011370419211899165, -0.005712007147770259, 0.00015556269937052873, -8.319950389329761e-05, -0.00017819542258545984, 0.0004835817037531946]]},
 "unique_id": "1c9c74cb21fb58a9462f39a417879a5c",
 "user": "aracho"},
"ids": [1],
"nextid": 2}
