{"1": {
 "calculator": "vasp",
 "calculator_parameters": {"amix": 0.1, "amix_mag": 0.1, "bmix": 0.0001, "bmix_mag": 0.0001, "encut": 500, "sigma": 0.05, "ediff": 1e-06, "ediffg": -0.01, "algo": "normal", "gga": "PE", "prec": "Normal", "ibrion": 2, "isif": 2, "ismear": 0, "ispin": 2, "istart": 1, "kpar": 4, "ldauprint": 2, "ldautype": 2, "lmaxmix": 6, "lorbit": 11, "nelm": 250, "npar": 8, "nsw": 200, "inimix": 0, "laechg": true, "lasph": true, "ldau": true, "lvtot": false, "lwave": true, "lsol": true, "lreal": "Auto", "ldau_luj": {"Ti": {"L": 2, "U": 3.0, "J": 0.0}, "V": {"L": 2, "U": 3.25, "J": 0.0}, "Cr": {"L": 2, "U": 3.5, "J": 0.0}, "Mn": {"L": 2, "U": 3.75, "J": 0.0}, "Fe": {"L": 2, "U": 4.3, "J": 0.0}, "Co": {"L": 2, "U": 3.32, "J": 0.0}, "Ni": {"L": 2, "U": 6.45, "J": 0.0}, "Cu": {"L": 2, "U": 3.0, "J": 0.0}, "Mo": {"L": 2, "U": 4.38, "J": 0.0}, "W": {"L": 2, "U": 6.2, "J": 0.0}, "Ce": {"L": 3, "U": 4.5, "J": 0.0}, "O": {"L": -1, "U": 0.0, "J": 0.0}, "C": {"L": -1, "U": 0.0, "J": 0.0}, "Au": {"L": -1, "U": 0.0, "J": 0.0}, "Ir": {"L": -1, "U": 0.0, "J": 0.0}, "H": {"L": -1, "U": 0.0, "J": 0.0}}, "xc": "PBE", "pp": "PBE", "setups": {"base": "minimal"}, "txt": "-", "kpts": [5, 5, 1], "gamma": true, "reciprocal": false, "ignore_constraints": false, "custom": {}},
 "cell": {"array": {"__ndarray__": [[3, 3], "float64", [10.692685673, 6.168835679, 3e-09, -10.692685549, 6.168835464, -5e-09, 7e-09, -3e-09, 19.997996094]]}, "__ase_objtype__": "cell"},
 "ctime": 22.239658850328617,
 "dipole": {"__ndarray__": [[1, 3], "float64", [0.0, 0.0, 0.0]]},
 "energy": -449.95072778,
 "forces": {"__ndarray__": [[51, 3], "float64", [1.153e-05, -0.00044997, 0.00143924, -0.00222356, -0.00276059, -0.00507953, -0.00361952, 0.00066841, -0.00321849, 0.00055621, 0.00064534, -0.00085679, 0.00086822, 0.00045014, 0.00027136, -0.0029229, 0.00119067, 0.00037715, 0.00498077, -0.00345446, 0.00259289, -0.00250203, 0.00082418, 0.00228419, -0.00286293, -0.00156266, 0.00113346, -0.00041879, -0.00179005, -0.00252444, 0.00081453, 0.00333154, -0.00034034, -0.00235853, -0.00196217, 0.00311654, -0.00112752, 0.00187701, 0.00106767, 0.00102161, -0.00319264, 0.00259093, 0.00088056, -0.00043809, 0.00212981, 0.00081262, 0.00490114, 0.00142082, -5.005e-05, 0.00751565, -0.00110765, 0.00208619, 0.00210789, 0.00092812, 0.00047044, -0.00454228, 0.00058655, 2.901e-05, 0.00143892, 0.00097645, 3.272e-05, -0.00020202, 0.00049716, 0.00055223, 0.00122011, -0.00207759, 0.00377991, 0.00331618, 0.00033238, -0.0004652, 0.00020412, 0.00078121, 0.00025064, -0.00157357, -0.00201662, -1.114e-05, 0.00020022, -0.00240743, 7.895e-05, 7.51e-06, -0.00064874, -0.00232715, 0.00168679, -0.00116059, -8.51e-06, -0.00070009, -0.00140728, -3.58e-05, 0.00022281, -0.00034146, 0.00124708, -0.00188779, -0.00167147, -0.00304255, 1.9e-05, -0.001187, -0.00151994, -0.00322337, 0.00328625, 0.00256426, 0.00075696, 0.00033392, 0.00222486, -0.00127464, -0.00250888, 2.18e-06, -0.00080335, -0.00020372, -0.00054728, 0.00447125, 0.00120465, 0.00066797, -0.00133304, 0.0017927, -0.00155707, 0.00212053, -0.00122684, -0.00140036, -0.00104876, 0.00177615, 0.00068359, -0.00072447, 0.00131126, -0.00012044, -0.00339376, -0.0011055, 0.00361524, 0.00224681, 0.00252491, -0.0087671, -0.00032917, -0.00211068, 0.00455912, 0.00175888, -0.00054323, -6.446e-05, 0.00579859, -0.00013675, -0.0024486, -0.002002, -0.00181134, 0.00171659, -0.00221395, 0.0016319, 0.00175482, -0.00382475, 0.00262178, -0.0008943, 0.00222256, 0.00183288, 0.00503385, -0.00651558, -0.00514998]]},
 "free_energy": -449.95072794,
 "initial_magmoms": {"__ndarray__": [[51], "float64", [0.0, 0.007, 0.076, -0.026, -0.028, -0.041, -0.0, 0.001, 0.001, -0.003, 0.001, -0.001, 0.0, 0.001, -0.003, 0.001, -0.005, -0.0, -0.004, -0.002, -0.004, 0.002, 0.0, -0.003, 0.002, -0.001, 0.0, -0.007, -0.005, -0.0, 0.002, 0.0, 0.003, -0.0, 0.001, -0.002, -0.003, -0.01, 0.001, -0.008, 0.0, -0.002, 0.001, -0.003, -0.001, -0.001, -0.003, 0.001, -0.001, -0.0, 0.001]]},
 "magmom": 0.0,
 "magmoms": {"__ndarray__": [[51], "float64", [-0.002, 0.0, -0.0, 0.0, -0.0, -0.0, -0.0, -0.0, -0.0, 0.0, -0.0, 0.0, 0.0, -0.0, 0.0, -0.0, 0.0, -0.0, -0.0, 0.0, 0.0, -0.0, -0.0, 0.0, -0.0, 0.0, 0.0, 0.0, 0.0, -0.0, -0.0, -0.0, 0.0, -0.0, -0.0, 0.0, 0.0, 0.0, -0.0, 0.0, -0.0, 0.0, -0.0, 0.0, 0.0, 0.0, 0.0, -0.0, 0.0, -0.0, 0.0]]},
 "mtime": 22.239658850328617,
 "numbers": {"__ndarray__": [[51], "int64", [26, 8, 8, 7, 7, 7, 6, 6, 6, 6, 6, 6, 6, 6, 6, 6, 6, 6, 6, 6, 6, 6, 6, 6, 6, 6, 6, 6, 6, 6, 6, 6, 6, 6, 6, 6, 6, 6, 6, 6, 6, 6, 6, 6, 6, 6, 6, 6, 6, 6, 1]]},
 "pbc": {"__ndarray__": [[3], "bool", [true, true, true]]},
 "positions": {"__ndarray__": [[51, 3], "float64", [0.6420901555212178, 4.958873223853197, 8.722822964474544, 2.0935357421404306, 3.5955007070691494, 8.51677912537564, 0.6789539967601527, 4.845734672167285, 10.644755356208652, -0.7037744207660594, 3.615413925009274, 8.560846530319882, 2.0617790760170767, 6.28388492568568, 8.586159411533764, -0.6972014480361316, 6.287792115148639, 8.565524704763298, 10.668058492601578, 6.1562258591446914, 8.480259796307376, -9.292276661596972, 6.152605740294787, 8.48733369298543, -8.57008225092902, 7.370743434887554, 8.500519856865232, -7.135385200813222, 7.3812313263658265, 8.510178302939005, 4.238443777582946, 2.459538980418025, 8.522546844975235, -5.020898980268102, 8.642224084141477, 8.522512163221013, 6.347755251827657, 3.721474161324092, 8.516128804019967, -2.9083585487851296, 9.893025377694816, 8.499106693878586, 8.505321833689763, 4.944973836118607, 8.488899565690168, -0.7552157423148222, 11.113175832177847, 8.478596848136707, 8.519796013593494, 7.387568414124627, 8.499271456546941, -0.74334265910193, 1.2004035035083798, 8.49160214470288, -0.032828473464371406, 2.4254437831359468, 8.519471494193407, 1.3969898832763694, 2.3823473832034634, 8.516168182310265, 3.504033484896724, 3.6690891530111487, 8.537225569086164, 4.13602046519387, 4.936749785958445, 8.548478636841699, 5.6000218679079214, 4.941257651220499, 8.526221315757327, 6.344606970676959, 6.167208513864756, 8.514913750710859, 7.782201791376986, 6.165778482544451, 8.499077422247629, -4.2889240126968895, 2.473062975685884, 8.517346659892247, -2.853567198483587, 2.46441727491914, 8.513819839907917, -2.0743060365363406, 3.6754494356024074, 8.541318652122142, 3.43159694643948, 6.216057711455704, 8.556116881423698, 4.222289097575249, 7.4219358906842, 8.527423788572683, 5.6581838270046765, 7.411918955322603, 8.518254677750912, -6.406748305616435, 3.7245524647381947, 8.51321297585919, -4.971310387912584, 3.7189961378166383, 8.522914599097309, -4.2194027411628765, 4.943966704269634, 8.532897281808685, -2.7693150064811705, 4.945301927270239, 8.54939881924654, -2.0732858236602296, 6.213537711752199, 8.548301341066974, -0.043797363123554256, 7.479842862061315, 8.53600948559629, 1.4106820383232963, 7.478973407895703, 8.54378432517244, 2.120854089839859, 8.691758061910827, 8.509063805591474, 3.5486552826476156, 8.67054218729995, 8.516094153668107, -8.560682754326852, 4.9452207232828735, 8.489840339594378, -7.129464886219739, 4.942651886793973, 8.505999375363784, -6.406943202975021, 6.167866869672125, 8.514238669668792, -4.968223530712275, 6.167675303202849, 8.525307405150164, -4.2826930538757395, 7.41117618805709, 8.523413469736543, -2.8492928563303854, 7.423381017972016, 8.522436213087532, -2.176653370626522, 8.673963681029564, 8.503315253146281, -0.7487858002400691, 8.69241768992536, 8.498938963560315, -0.025838146496716285, 9.908005373903194, 8.482367707873856, 1.4015420325330408, 9.907193603710953, 8.486859263928729, 1.3799767461263284, 5.443539081692849, 10.958035418021238]]},
 "stress": {"__ndarray__": [[6], "float64", [0.011394414831046824, -0.0065540324229402215, 0.00014158614415852048, -7.12243572391042e-05, -0.00014018823335959642, 0.00016570716146602755]]},
 "unique_id": "44989e4681ac87e4a119e1f20fdc1b69",
 "user": "aracho"},
"ids": [1],
"nextid": 2}
